:000000 100644 000000000000 0cf10b4cfa2a A	articles/machine-learning/media/how-to-use-labeled-dataset/export-button.png
:000000 100644 000000000000 1ada12cfcab5 A	articles/machine-learning/reference-pipeline-yaml.md
:000000 100644 000000000000 2aab940ae1a9 A	articles/machine-learning/media/how-to-search-cross-workspace/custom-views.jpg
:000000 100644 000000000000 4d5b25f0ce91 A	articles/machine-learning/how-to-auto-train-nlp-models.md
:000000 100644 000000000000 65a4962d3ea1 A	articles/machine-learning/media/how-to-manage-workspace/search-bar.png
:000000 100644 000000000000 8a363a86141e A	articles/machine-learning/media/how-to-create-text-labeling-projects/notification-bar.png
:000000 100644 000000000000 99cc092ab0cd A	articles/machine-learning/media/how-to-manage-workspace/results.png
:000000 100644 000000000000 99cc092ab0cd A	articles/machine-learning/media/how-to-search-cross-workspace/results.png
:000000 100644 000000000000 9bfe16680613 A	articles/machine-learning/reference-yaml-data.md
:000000 100644 000000000000 a569674c1bc3 A	articles/machine-learning/reference-yaml-dataset.md
:000000 100644 000000000000 bd885725c7c5 A	articles/machine-learning/media/how-to-search-cross-workspace/settings.png
:000000 100644 000000000000 d552ab464c3c A	articles/machine-learning/media/how-to-search-cross-workspace/global-home.png
:000000 100644 000000000000 e342de9ca566 A	articles/machine-learning/reference-yaml-deployment-kubernetes-online.md
:000000 100644 000000000000 e6653875e4c8 A	articles/machine-learning/reference-yaml-job-component.md
:000000 100644 000000000000 e72f97546dbf A	articles/machine-learning/reference-yaml-compute-kubernetes.md
:000000 100644 000000000000 e8110552e504 A	articles/machine-learning/media/how-to-search-cross-workspace/search-bar.png
:000000 100644 000000000000 eab95be746ef A	articles/machine-learning/how-to-search-cross-workspace.md
:100644 000000 2aab940ae1a9 000000000000 D	articles/machine-learning/media/how-to-search-cross-workspace/custom-views.jpg
:100644 000000 2cde4f84a55d 000000000000 D	articles/machine-learning/media/tutorial-labeling/create-project.png
:100644 000000 665871eb4d8d 000000000000 D	articles/machine-learning/reference-yaml-job-component.md
:100644 000000 704a830d3e4d 000000000000 D	articles/machine-learning/tutorial-labeling.md
:100644 000000 86f73ec06958 000000000000 D	articles/machine-learning/quick-start-setup-vscode-extension.md
:100644 000000 8b624ea184de 000000000000 D	articles/machine-learning/reference-yaml-job-component.md
:100644 000000 99cc092ab0cd 000000000000 D	articles/machine-learning/media/how-to-search-cross-workspace/results.png
:100644 000000 a569674c1bc3 000000000000 D	articles/machine-learning/reference-yaml-dataset.md
:100644 000000 b2469478959d 000000000000 D	articles/machine-learning/reference-yaml-dataset.md
:100644 000000 bd885725c7c5 000000000000 D	articles/machine-learning/media/how-to-search-cross-workspace/settings.png
:100644 000000 bf8e1bdf40bd 000000000000 D	articles/machine-learning/media/tutorial-labeling/catsndogs.gif
:100644 000000 cec0fddf7d0b 000000000000 D	articles/machine-learning/media/tutorial-labeling/select-containers.png
:100644 000000 d552ab464c3c 000000000000 D	articles/machine-learning/media/how-to-search-cross-workspace/global-home.png
:100644 000000 dc1dbe1df726 000000000000 D	articles/machine-learning/media/tutorial-labeling/project-details.png
:100644 000000 e4051f86e019 000000000000 D	articles/machine-learning/media/tutorial-labeling/create-resource.png
:100644 000000 e8110552e504 000000000000 D	articles/machine-learning/media/how-to-search-cross-workspace/search-bar.png
:100644 000000 eab95be746ef 000000000000 D	articles/machine-learning/how-to-search-cross-workspace.md
:100644 100644 00371d717e20 32d0113804f2 M	articles/machine-learning/reference-yaml-deployment-managed-online.md
:100644 100644 007ef05fd8bd a933c260fba7 M	articles/machine-learning/reference-yaml-model.md
:100644 100644 007ef05fd8bd d4ad136e4b5c M	articles/machine-learning/reference-yaml-model.md
:100644 100644 00ae9d6c766a 342d63f39e1f M	articles/machine-learning/reference-yaml-job-sweep.md
:100644 100644 0158af946272 a3fc52713c60 M	articles/machine-learning/how-to-use-labeled-dataset.md
:100644 100644 02d5c722a4aa 6fbde5364e94 M	articles/machine-learning/how-to-access-resources-from-endpoints-managed-identities.md
:100644 100644 02ed7f6abb0f 93cdd17e840b M	articles/machine-learning/how-to-consume-web-service.md
:100644 100644 03d65471e9da 35983fa252f5 M	articles/machine-learning/how-to-deploy-managed-online-endpoints.md
:100644 100644 061bb5b97005 6b88eb4f6eb5 M	articles/machine-learning/data-science-virtual-machine/release-notes.md
:100644 100644 061ed2d1a68c c373b398f3e3 M	articles/machine-learning/how-to-train-distributed-gpu.md
:100644 100644 06aa4cc877bb 86897810b52c M	articles/machine-learning/tutorial-create-secure-workspace-template.md
:100644 100644 06b090ec238b c59a55bdad38 M	articles/machine-learning/reference-yaml-job-sweep.md
:100644 100644 0757a96c6a15 2e48893138ad M	articles/machine-learning/how-to-debug-pipelines.md
:100644 100644 093fb019c743 5a669149a8fd M	articles/machine-learning/reference-yaml-job-command.md
:100644 100644 0a0414eeeb2c 94b92b373d8e M	articles/machine-learning/algorithm-cheat-sheet.md
:100644 100644 0aece0b5ebf0 ff074d57777c M	articles/machine-learning/how-to-create-image-labeling-projects.md
:100644 100644 0b131632a56f acf098df0b4e M	articles/machine-learning/how-to-troubleshoot-deployment.md
:100644 100644 0b65f1d47b82 4bdd3c6393e2 M	articles/machine-learning/how-to-train-cli.md
:100644 100644 0b95a0b7723a 720ba62e2ce3 M	articles/machine-learning/reference-yaml-deployment-managed-online.md
:100644 100644 0e9ef42d506e e0c07ad2a85c M	articles/machine-learning/reference-yaml-job-command.md
:100644 100644 0eda28da8c52 5cfd83f9f29e M	articles/machine-learning/how-to-deploy-profile-model.md
:100644 100644 10054154392b 776f5cb1840d M	articles/machine-learning/how-to-prebuilt-docker-images-inference-python-extensibility.md
:100644 100644 10615f041ffb 9d5ba0b6ff66 M	articles/machine-learning/how-to-track-monitor-analyze-runs.md
:100644 100644 10d45042e58b fcfc1d903533 M	articles/machine-learning/reference-yaml-job-pipeline.md
:100644 100644 122348f553d5 c56555b15ade M	articles/machine-learning/how-to-train-distributed-gpu.md
:100644 100644 127514785f92 6e8d8b775000 M	articles/machine-learning/how-to-secure-workspace-vnet.md
:100644 100644 149250d15fa8 259aba1c38e6 M	articles/machine-learning/reference-yaml-core-syntax.md
:100644 100644 152379b619f8 ff30aca8b004 M	articles/machine-learning/resource-curated-environments.md
:100644 100644 15b89061ebc1 81c981838010 M	articles/machine-learning/security-controls-policy.md
:100644 100644 1662c4b47a7a 1ceb2e30d05a M	articles/machine-learning/how-to-secure-training-vnet.md
:100644 100644 1662c4b47a7a cc57582bdeca M	articles/machine-learning/how-to-secure-training-vnet.md
:100644 100644 17cd2c004488 603946a6e586 M	articles/machine-learning/how-to-deploy-update-web-service.md
:100644 100644 17dd77d12c14 5e054352d3ef M	articles/machine-learning/how-to-use-batch-endpoint.md
:100644 100644 181eb30fe704 67fdb0d5ee95 M	articles/machine-learning/how-to-secure-web-service.md
:100644 100644 18a3d6e40116 97c200dc065f M	articles/machine-learning/how-to-auto-train-nlp-models.md
:100644 100644 18d2175f1fd8 839d5a9bba98 M	articles/machine-learning/reference-yaml-endpoint-managed-online.md
:100644 100644 18d2175f1fd8 8ee16b0452fc M	articles/machine-learning/reference-yaml-endpoint-managed-online.md
:100644 100644 190b57f32b35 bdffc42971fc M	articles/machine-learning/how-to-use-event-grid.md
:100644 100644 1ada12cfcab5 2cb114ef18b0 M	articles/machine-learning/reference-pipeline-yaml.md
:100644 100644 1b7e04911e30 46d601b43b24 M	articles/machine-learning/concept-data-encryption.md
:100644 100644 1c8977b33151 5aa49a956882 M	articles/machine-learning/how-to-select-algorithms.md
:100644 100644 1c8c5839164e 561a2b413ed2 M	articles/machine-learning/how-to-train-scikit-learn.md
:100644 100644 1ceb2e30d05a 1662c4b47a7a M	articles/machine-learning/how-to-secure-training-vnet.md
:100644 100644 1ceb2e30d05a 422c302d2cd4 M	articles/machine-learning/how-to-secure-training-vnet.md
:100644 100644 1d039ddf0ca4 16f81e9fb78f M	articles/machine-learning/concept-automated-ml.md
:100644 100644 1d5df603d32d 578825504180 M	articles/machine-learning/how-to-train-distributed-gpu.md
:100644 100644 1d9da3af379e 5e53c85ef9d0 M	articles/machine-learning/how-to-train-scikit-learn.md
:100644 100644 1d9da3af379e fe429f4b9005 M	articles/machine-learning/how-to-train-scikit-learn.md
:100644 100644 1ecc8a42ac7e 3d4ef13b4b51 M	articles/machine-learning/how-to-consume-web-service.md
:100644 100644 1eccc95b85a8 7083b2756670 M	articles/machine-learning/how-to-manage-workspace.md
:100644 100644 1eccc95b85a8 b2338803c085 M	articles/machine-learning/how-to-manage-workspace.md
:100644 100644 1eccc95b85a8 d08995947f71 M	articles/machine-learning/how-to-manage-workspace.md
:100644 100644 1f34c2b96023 acb4afd014aa M	articles/machine-learning/how-to-safely-rollout-managed-endpoints.md
:100644 100644 1f34c2b96023 c7ccf424407d M	articles/machine-learning/how-to-safely-rollout-managed-endpoints.md
:100644 100644 2089511de58c 10d45042e58b M	articles/machine-learning/reference-yaml-job-pipeline.md
:100644 100644 20e9fc88b1a7 73ac09f5800a M	articles/machine-learning/how-to-create-attach-compute-cluster.md
:100644 100644 2105067b4ed1 fa3feb080759 M	articles/machine-learning/reference-yaml-deployment-kubernetes-online.md
:100644 100644 22b6b9197d99 11461185a88b M	articles/machine-learning/how-to-create-attach-kubernetes.md
:100644 100644 22e0a3786582 462ca75976ae M	articles/machine-learning/reference-yaml-job-sweep.md
:100644 100644 23d976f5a0e7 f676e2da31b5 M	articles/machine-learning/how-to-create-text-labeling-projects.md
:100644 100644 24aa84e1bb83 aeb8775eec03 M	articles/machine-learning/how-to-configure-auto-features.md
:100644 100644 24da0c1f4aba 318d6a07f988 M	articles/machine-learning/how-to-deploy-managed-online-endpoints.md
:100644 100644 24da0c1f4aba 5ad1a2f55b17 M	articles/machine-learning/how-to-deploy-managed-online-endpoints.md
:100644 100644 24da0c1f4aba b4c0af027f47 M	articles/machine-learning/how-to-deploy-managed-online-endpoints.md
:100644 100644 24e52d9cded6 7d05faf25ff3 M	articles/machine-learning/how-to-manage-workspace-cli.md
:100644 100644 24f29d1188e2 87e710522b01 M	articles/machine-learning/how-to-deploy-azure-kubernetes-service.md
:100644 100644 257fdbadd5d7 5dfe6b3ade44 M	articles/machine-learning/how-to-auto-train-nlp-models.md
:100644 100644 2585e925d72e 99fa669ad7a0 M	articles/machine-learning/how-to-secure-workspace-vnet.md
:100644 100644 259aba1c38e6 9bf9fe5ad5f2 M	articles/machine-learning/reference-yaml-core-syntax.md
:100644 100644 25f2cfe42147 54d14415e9c4 M	articles/machine-learning/how-to-manage-optimize-cost.md
:100644 100644 27b819e1b612 1304488095f3 M	articles/machine-learning/how-to-setup-customer-managed-keys.md
:100644 100644 28332c646d53 cc43a9d53239 M	articles/machine-learning/how-to-train-with-rest.md
:100644 100644 29356103437a 321d3da7fc75 M	articles/machine-learning/azure-machine-learning-release-notes-cli-v2.md
:100644 100644 29356103437a b19c81c1467e M	articles/machine-learning/azure-machine-learning-release-notes-cli-v2.md
:100644 100644 2a1cee757eaf 0f79306ae4ec M	articles/machine-learning/how-to-troubleshoot-online-endpoints.md
:100644 100644 2a1cee757eaf a8f7e25a1c18 M	articles/machine-learning/how-to-troubleshoot-online-endpoints.md
:100644 100644 2aeea277863d a629d833087e M	articles/machine-learning/reference-yaml-data.md
:100644 100644 2bf6675c69f3 dff453901a86 M	articles/machine-learning/reference-yaml-component-command.md
:100644 100644 2e199ec5621c e7f9b95b54d9 M	articles/machine-learning/how-to-train-with-datasets.md
:100644 100644 2e233fa08c0c 6065c0f138f9 M	articles/machine-learning/how-to-deploy-and-where.md
:100644 100644 2e41df4050d3 6afe53416391 M	articles/machine-learning/how-to-train-distributed-gpu.md
:100644 100644 2e477472d052 d514783a636e M	articles/machine-learning/reference-azure-machine-learning-cli.md
:100644 100644 2e6fe577975a dc41ad3fde1a M	articles/machine-learning/how-to-deploy-automl-endpoint.md
:100644 100644 2eb2753db179 ed4cccad9889 M	articles/machine-learning/how-to-use-environments.md
:100644 100644 304360bb6279 f9c3f5644387 M	articles/machine-learning/toc.yml
:100644 100644 3067a71153d6 6a75877badee M	articles/machine-learning/how-to-create-manage-compute-instance.md
:100644 100644 30c39b6c246e af8384ad3adc M	articles/machine-learning/how-to-create-component-pipelines-cli.md
:100644 100644 30c39b6c246e db1142dec017 M	articles/machine-learning/how-to-create-component-pipelines-cli.md
:100644 100644 311f359835bd dc7128346012 M	articles/machine-learning/how-to-deploy-with-triton.md
:100644 100644 316b7cd005f6 0383d2349bba M	articles/machine-learning/how-to-attach-arc-kubernetes.md
:100644 100644 316b7cd005f6 2b40ecd7fde7 M	articles/machine-learning/how-to-attach-arc-kubernetes.md
:100644 100644 318d6a07f988 605ba60470e4 M	articles/machine-learning/how-to-deploy-managed-online-endpoints.md
:100644 100644 32df80448c0d 3a7cecaa0f00 M	articles/machine-learning/reference-yaml-job-command.md
:100644 100644 33547fd6bd80 24e52d9cded6 M	articles/machine-learning/how-to-manage-workspace-cli.md
:100644 100644 33a7ddc5ec71 20f449472e5c M	articles/machine-learning/how-to-deploy-update-web-service.md
:100644 100644 33a7ddc5ec71 40ec02bb1793 M	articles/machine-learning/how-to-deploy-update-web-service.md
:100644 100644 342d63f39e1f 22e0a3786582 M	articles/machine-learning/reference-yaml-job-sweep.md
:100644 100644 344a40ab670f 65d084a9145b M	articles/machine-learning/how-to-deploy-batch-with-rest.md
:100644 100644 344a40ab670f 761d27744b75 M	articles/machine-learning/how-to-deploy-batch-with-rest.md
:100644 100644 3452247125b7 47db42684ead M	articles/machine-learning/toc.yml
:100644 100644 34f304a2a8e7 bb95675b5ced M	articles/machine-learning/how-to-auto-train-nlp-models.md
:100644 100644 35317fce7304 0aece0b5ebf0 M	articles/machine-learning/how-to-create-image-labeling-projects.md
:100644 100644 35562a27f287 27b819e1b612 M	articles/machine-learning/how-to-setup-customer-managed-keys.md
:100644 100644 35983fa252f5 56639c5a0962 M	articles/machine-learning/how-to-deploy-managed-online-endpoints.md
:100644 100644 366d8dad2359 1359d3fa0b4a M	articles/machine-learning/how-to-move-workspace.md
:100644 100644 37617679d2a5 02d5c722a4aa M	articles/machine-learning/how-to-access-resources-from-endpoints-managed-identities.md
:100644 100644 37caab83aec7 ef82238288c8 M	articles/machine-learning/azure-machine-learning-release-notes.md
:100644 100644 38dc7a18dd3f 8f55cd905d65 M	articles/machine-learning/how-to-manage-environments-v2.md
:100644 100644 3a707525341c 9277f9fb1361 M	articles/machine-learning/how-to-custom-dns.md
:100644 100644 3b4db2b68c51 61e12e53cc09 M	articles/machine-learning/tutorial-train-deploy-image-classification-model-vscode.md
:100644 100644 3ba380370b42 1d5df603d32d M	articles/machine-learning/how-to-train-distributed-gpu.md
:100644 100644 3cceaed79c2e 7de55cba28d0 M	articles/machine-learning/how-to-deploy-batch-with-rest.md
:100644 100644 3d4ef13b4b51 b4dc49e712cb M	articles/machine-learning/how-to-consume-web-service.md
:100644 100644 3ef475e98e6d 7f2acd6ecd9b M	articles/machine-learning/how-to-secure-training-vnet.md
:100644 100644 3f2d91e8d121 7f647f5404b6 M	articles/machine-learning/how-to-train-cli.md
:100644 100644 3f5207d7cfd7 d5c2ab5e3b49 M	articles/machine-learning/how-to-setup-customer-managed-keys.md
:100644 100644 3f9899efda95 72ca59615eb3 M	articles/machine-learning/how-to-setup-authentication.md
:100644 100644 3f9899efda95 c3ed61c3f3ec M	articles/machine-learning/how-to-setup-authentication.md
:100644 100644 40726778c819 9211cacb788d M	articles/machine-learning/how-to-access-terminal.md
:100644 100644 409176c1db52 b4ef150b217f M	articles/machine-learning/how-to-deploy-automl-endpoint.md
:100644 100644 412619bc3236 d02f0e2113f0 M	articles/machine-learning/how-to-manage-environments-v2.md
:100644 100644 41ba08e1c258 b16aeedba057 M	articles/machine-learning/how-to-manage-workspace.md
:100644 100644 422c302d2cd4 1662c4b47a7a M	articles/machine-learning/how-to-secure-training-vnet.md
:100644 100644 425169187694 7f725e0cd2f6 M	articles/machine-learning/azure-machine-learning-release-notes-cli-v2.md
:100644 100644 42dc45d45b7d 91482aa612a1 M	articles/machine-learning/how-to-run-jupyter-notebooks.md
:100644 100644 432546a5d078 f214ecb600b4 M	articles/machine-learning/how-to-secure-inferencing-vnet.md
:100644 100644 43aea66863ed 23d976f5a0e7 M	articles/machine-learning/how-to-create-text-labeling-projects.md
:100644 100644 43b609ba7549 827bff7f3f93 M	articles/machine-learning/reference-yaml-deployment-batch.md
:100644 100644 44c5776b8411 c03e54baf754 M	articles/machine-learning/how-to-train-distributed-gpu.md
:100644 100644 4544176c5d80 2c4aef575cea M	articles/machine-learning/how-to-manage-workspace.md
:100644 100644 461e6aaaeaf6 2e6fe577975a M	articles/machine-learning/how-to-deploy-automl-endpoint.md
:100644 100644 462ca75976ae 06b090ec238b M	articles/machine-learning/reference-yaml-job-sweep.md
:100644 100644 46c334071f6d d1bf91f3c66f M	articles/machine-learning/how-to-machine-learning-interpretability.md
:100644 100644 46d601b43b24 b6793d28bdf9 M	articles/machine-learning/concept-data-encryption.md
:100644 100644 470e3d5190db 4477bf3fc3f7 M	articles/machine-learning/how-to-configure-cli.md
:100644 100644 479de14d4169 65bc1eafaf17 M	articles/machine-learning/tutorial-1st-experiment-bring-data.md
:100644 100644 47d755fb2dc4 a4527c006817 M	articles/machine-learning/how-to-setup-customer-managed-keys.md
:100644 100644 47db42684ead 3452247125b7 M	articles/machine-learning/toc.yml
:100644 100644 47db42684ead cc3c5e210518 M	articles/machine-learning/toc.yml
:100644 100644 47db42684ead f3c5171fcb3c M	articles/machine-learning/toc.yml
:100644 100644 48c536be1689 607936885001 M	articles/machine-learning/how-to-github-actions-machine-learning.md
:100644 100644 49fd943338cf 0158af946272 M	articles/machine-learning/how-to-use-labeled-dataset.md
:100644 100644 4a69cf7f5063 03d65471e9da M	articles/machine-learning/how-to-deploy-managed-online-endpoints.md
:100644 100644 4ae8b5857ee5 660780f93327 M	articles/machine-learning/how-to-use-automated-ml-for-ml-models.md
:100644 100644 4b5d62018f6f c2471882d088 M	articles/machine-learning/how-to-debug-managed-online-endpoints-visual-studio-code.md
:100644 100644 4bc21184b07b 4cabfb7ebacb M	articles/machine-learning/component-reference/designer-error-codes.md
:100644 100644 4bdd3c6393e2 924603eb62d4 M	articles/machine-learning/how-to-train-cli.md
:100644 100644 4d5b25f0ce91 18a3d6e40116 M	articles/machine-learning/how-to-auto-train-nlp-models.md
:100644 100644 4d9f92b70664 38da47b0bdfd M	articles/machine-learning/reference-yaml-compute-vm.md
:100644 100644 4f975c6fae4c d6b3889b34c7 M	articles/machine-learning/how-to-configure-private-link.md
:100644 100644 4fc6057ceb60 f547f2e35f61 M	articles/machine-learning/component-reference/latent-dirichlet-allocation.md
:100644 100644 50c9578c983c b5cc7808f6bc M	articles/machine-learning/how-to-auto-train-nlp-models.md
:100644 100644 5242f49b7972 34f304a2a8e7 M	articles/machine-learning/how-to-auto-train-nlp-models.md
:100644 100644 53795dd318d4 ea53af7685be M	articles/machine-learning/how-to-autoscale-endpoints.md
:100644 100644 54d14415e9c4 2896aa3a7ad0 M	articles/machine-learning/how-to-manage-optimize-cost.md
:100644 100644 558aaad12028 99d66e9b9cab M	articles/machine-learning/how-to-create-component-pipelines-cli.md
:100644 100644 559d42d07d53 e9cd89716344 M	articles/machine-learning/azure-machine-learning-release-notes.md
:100644 100644 5615b0095e16 3b4db2b68c51 M	articles/machine-learning/tutorial-train-deploy-image-classification-model-vscode.md
:100644 100644 561a2b413ed2 d36af7eb5411 M	articles/machine-learning/how-to-train-scikit-learn.md
:100644 100644 56639c5a0962 4cd016f99798 M	articles/machine-learning/how-to-deploy-managed-online-endpoints.md
:100644 100644 578825504180 fd63a94b0e05 M	articles/machine-learning/how-to-train-distributed-gpu.md
:100644 100644 58715dfa6268 24bb7ac3c094 M	articles/machine-learning/how-to-use-batch-endpoint.md
:100644 100644 58715dfa6268 a2485f5aa1c8 M	articles/machine-learning/how-to-use-batch-endpoint.md
:100644 100644 58715dfa6268 be148a366876 M	articles/machine-learning/how-to-use-batch-endpoint.md
:100644 100644 58ac6e717c72 afac9d043cda M	articles/machine-learning/how-to-create-text-labeling-projects.md
:100644 100644 5935e7d25ef8 dd5d1a043ebf M	articles/machine-learning/how-to-access-azureml-behind-firewall.md
:100644 100644 5a669149a8fd d82c3e5bdbb3 M	articles/machine-learning/reference-yaml-job-command.md
:100644 100644 5aa49a956882 1c8977b33151 M	articles/machine-learning/how-to-select-algorithms.md
:100644 100644 5b9e0e8b2df6 81a2762c6842 M	articles/machine-learning/concept-compute-target.md
:100644 100644 5c285e73c1ee 2a1cee757eaf M	articles/machine-learning/how-to-troubleshoot-online-endpoints.md
:100644 100644 5cbd4633b4ca 92deb6d9360e M	articles/machine-learning/how-to-secure-workspace-vnet.md
:100644 100644 5cbd4633b4ca d6cb69e19bd2 M	articles/machine-learning/how-to-secure-workspace-vnet.md
:100644 100644 5dfe6b3ade44 8981bfdd8591 M	articles/machine-learning/how-to-auto-train-nlp-models.md
:100644 100644 5e53c85ef9d0 1c8c5839164e M	articles/machine-learning/how-to-train-scikit-learn.md
:100644 100644 5f370d336fe8 c4a4522903eb M	articles/machine-learning/how-to-deploy-custom-container.md
:100644 100644 6065c0f138f9 4c519330301d M	articles/machine-learning/how-to-deploy-and-where.md
:100644 100644 61f0f12cd715 58012cf55b60 M	articles/machine-learning/reference-yaml-core-syntax.md
:100644 100644 6219d9cec285 43b609ba7549 M	articles/machine-learning/reference-yaml-deployment-batch.md
:100644 100644 6300f2130a1a c46ffa3bd307 M	articles/machine-learning/how-to-manage-environments-v2.md
:100644 100644 6369d9a2b584 d952d69681b5 M	articles/machine-learning/how-to-auto-train-forecast.md
:100644 100644 63a5394d33e5 47da7ba50967 M	articles/machine-learning/reference-yaml-overview.md
:100644 100644 63a5394d33e5 9c25a4007032 M	articles/machine-learning/reference-yaml-overview.md
:100644 100644 64fb59bfda76 a29f1754293c M	articles/machine-learning/reference-yaml-compute-aml.md
:100644 100644 65a4962d3ea1 21c3364d1d3b M	articles/machine-learning/media/how-to-manage-workspace/search-bar.png
:100644 100644 65bc1eafaf17 26ccbc1ed41c M	articles/machine-learning/tutorial-1st-experiment-bring-data.md
:100644 100644 66ea14febfc3 4b5d62018f6f M	articles/machine-learning/how-to-debug-managed-online-endpoints-visual-studio-code.md
:100644 100644 66ee0bf546a0 dca1f15cc92a M	articles/machine-learning/how-to-configure-cli.md
:100644 100644 67ecbf25ada7 0ed4ad4ad6ef M	articles/machine-learning/how-to-deploy-with-triton.md
:100644 100644 67ecbf25ada7 6db8049a8657 M	articles/machine-learning/how-to-deploy-with-triton.md
:100644 100644 67ecbf25ada7 ddeba0ab75bb M	articles/machine-learning/how-to-deploy-with-triton.md
:100644 100644 69829873bb98 3c742f5bcb46 M	articles/machine-learning/toc.yml
:100644 100644 69f519bd7ecd 0e9ef42d506e M	articles/machine-learning/reference-yaml-job-command.md
:100644 100644 69f519bd7ecd 7f04f73ecc9f M	articles/machine-learning/reference-yaml-job-command.md
:100644 100644 6a0ece2aa4aa 5242f49b7972 M	articles/machine-learning/how-to-auto-train-nlp-models.md
:100644 100644 6afe53416391 82738e283ebf M	articles/machine-learning/how-to-train-distributed-gpu.md
:100644 100644 6b4831a5c8d5 d099006ec3fc M	articles/machine-learning/how-to-data-prep-synapse-spark-pool.md
:100644 100644 6b88eb4f6eb5 0abf17b9e673 M	articles/machine-learning/data-science-virtual-machine/release-notes.md
:100644 100644 6bfb46e2eb6c ec2c6a3b5b78 M	articles/machine-learning/reference-yaml-job-command.md
:100644 100644 6c26b75174dd d03e4092b5bb M	articles/machine-learning/how-to-configure-auto-train.md
:100644 100644 6c54b1491441 cca8c6c62d24 M	articles/machine-learning/how-to-deploy-mlflow-models-online-endpoints.md
:100644 100644 6ce1ed9cd986 78653973d679 M	articles/machine-learning/concept-component.md
:100644 100644 6e8d8b775000 127514785f92 M	articles/machine-learning/how-to-secure-workspace-vnet.md
:100644 100644 6e8d8b775000 98ae7c2ca44c M	articles/machine-learning/how-to-secure-workspace-vnet.md
:100644 100644 6fbe4e06a6b2 68aff014a170 M	articles/machine-learning/reference-yaml-model.md
:100644 100644 6fc2c8da7b65 d33878ba3d36 M	articles/machine-learning/reference-yaml-core-syntax.md
:100644 100644 6fce8841eaeb 149250d15fa8 M	articles/machine-learning/reference-yaml-core-syntax.md
:100644 100644 6fce8841eaeb c8d7161d1bb8 M	articles/machine-learning/reference-yaml-core-syntax.md
:100644 100644 70339cb5b0a9 1efab5758c75 M	articles/machine-learning/how-to-assign-roles.md
:100644 100644 7083b2756670 ebf52322c58d M	articles/machine-learning/how-to-manage-workspace.md
:100644 100644 720ba62e2ce3 00371d717e20 M	articles/machine-learning/reference-yaml-deployment-managed-online.md
:100644 100644 721037f43697 a34dbaebbafd M	articles/machine-learning/concept-customer-managed-keys.md
:100644 100644 72ca59615eb3 2b5236d65d49 M	articles/machine-learning/how-to-setup-authentication.md
:100644 100644 73e1224fe17b 74cf37a754db M	articles/machine-learning/how-to-deploy-custom-container.md
:100644 100644 73e1224fe17b a719624c0a7d M	articles/machine-learning/how-to-deploy-custom-container.md
:100644 100644 73e1224fe17b c31b46f04234 M	articles/machine-learning/how-to-deploy-custom-container.md
:100644 100644 75d6f90a8f00 d40835cde31c M	articles/machine-learning/concept-customer-managed-keys.md
:100644 100644 7664a28c53e2 8754edd4be71 M	articles/machine-learning/azure-machine-learning-release-notes-cli-v2.md
:100644 100644 777417bc963c 157eed9ce8ba M	articles/machine-learning/reference-yaml-datastore-data-lake-gen2.md
:100644 100644 78bd3d776763 7bb66e6136b4 M	articles/machine-learning/how-to-create-workspace-template.md
:100644 100644 79712867185b 6fbe4e06a6b2 M	articles/machine-learning/reference-yaml-model.md
:100644 100644 7a981b18673d 5935e7d25ef8 M	articles/machine-learning/how-to-access-azureml-behind-firewall.md
:100644 100644 7bb66e6136b4 d6e1bb5dac03 M	articles/machine-learning/how-to-create-workspace-template.md
:100644 100644 7bdf254feb74 b1fce4fd8c5a M	articles/machine-learning/how-to-train-pytorch.md
:100644 100644 7c040c166516 00ae9d6c766a M	articles/machine-learning/reference-yaml-job-sweep.md
:100644 100644 7c040c166516 5c705d24501e M	articles/machine-learning/reference-yaml-job-sweep.md
:100644 100644 7d094f9690cb 6219d9cec285 M	articles/machine-learning/reference-yaml-deployment-batch.md
:100644 100644 7e211f284778 4fc6057ceb60 M	articles/machine-learning/component-reference/latent-dirichlet-allocation.md
:100644 100644 7e2e24c469a4 14c9431c60c0 M	articles/machine-learning/reference-yaml-datastore-data-lake-gen1.md
:100644 100644 7f725e0cd2f6 0365077c6e43 M	articles/machine-learning/azure-machine-learning-release-notes-cli-v2.md
:100644 100644 82642d95b862 35317fce7304 M	articles/machine-learning/how-to-create-image-labeling-projects.md
:100644 100644 82649d82bedd cf2719111026 M	articles/machine-learning/reference-yaml-environment.md
:100644 100644 82649d82bedd d8c51a75dcec M	articles/machine-learning/reference-yaml-environment.md
:100644 100644 82738e283ebf 3ba380370b42 M	articles/machine-learning/how-to-train-distributed-gpu.md
:100644 100644 827bff7f3f93 9ffa37531458 M	articles/machine-learning/reference-yaml-deployment-batch.md
:100644 100644 82c34ae5539f 0b131632a56f M	articles/machine-learning/how-to-troubleshoot-deployment.md
:100644 100644 83207f9c756a be3e6d17fee7 M	articles/machine-learning/reference-machine-learning-cloud-parity.md
:100644 100644 839908bc38f8 10615f041ffb M	articles/machine-learning/how-to-track-monitor-analyze-runs.md
:100644 100644 869fc6a7815f b88850baf280 M	articles/machine-learning/how-to-label-data.md
:100644 100644 8754edd4be71 b19480a4ab09 M	articles/machine-learning/azure-machine-learning-release-notes-cli-v2.md
:100644 100644 880a7bcdd518 4e044096ab05 M	articles/machine-learning/reference-yaml-data.md
:100644 100644 88adac7b9bc7 e1989e5ca3c3 M	articles/machine-learning/data-science-virtual-machine/dsvm-tutorial-resource-manager.md
:100644 100644 88fd783d1d0e c6484e087af6 M	articles/machine-learning/how-to-use-synapsesparkstep.md
:100644 100644 8935e5685850 e74b344de907 M	articles/machine-learning/how-to-create-attach-kubernetes.md
:100644 100644 8981bfdd8591 50c9578c983c M	articles/machine-learning/how-to-auto-train-nlp-models.md
:100644 100644 8a64a1f3996a 515a8e9d7cff M	articles/machine-learning/reference-yaml-environment.md
:100644 100644 8b624ea184de 0ed6b274b60c M	articles/machine-learning/reference-yaml-job-component.md
:100644 100644 8b624ea184de 665871eb4d8d M	articles/machine-learning/reference-yaml-job-component.md
:100644 100644 8b7fb5cc4e13 33547fd6bd80 M	articles/machine-learning/how-to-manage-workspace-cli.md
:100644 100644 8cfb168d07b2 53e561c2879d M	articles/machine-learning/how-to-deploy-mlflow-models-online-endpoints.md
:100644 100644 8ee16b0452fc ad26bc824025 R085	articles/machine-learning/reference-yaml-endpoint-managed-online.md	articles/machine-learning/reference-yaml-endpoint-online.md
:100644 100644 8f55cd905d65 412619bc3236 M	articles/machine-learning/how-to-manage-environments-v2.md
:100644 100644 912d05b2e1ab 311f359835bd M	articles/machine-learning/how-to-deploy-with-triton.md
:100644 100644 916356e04ccd 66ee0bf546a0 M	articles/machine-learning/how-to-configure-cli.md
:100644 100644 924603eb62d4 b8fbd9091d62 M	articles/machine-learning/how-to-train-cli.md
:100644 100644 93781152b6ba 37617679d2a5 M	articles/machine-learning/how-to-access-resources-from-endpoints-managed-identities.md
:100644 100644 9411e50cf0b0 20e9fc88b1a7 M	articles/machine-learning/how-to-create-attach-compute-cluster.md
:100644 100644 94b92b373d8e 0a0414eeeb2c M	articles/machine-learning/algorithm-cheat-sheet.md
:100644 100644 94f4c6e330e0 5f370d336fe8 M	articles/machine-learning/how-to-deploy-custom-container.md
:100644 100644 966ce76b1b05 432546a5d078 M	articles/machine-learning/how-to-secure-inferencing-vnet.md
:100644 100644 97c200dc065f 6a0ece2aa4aa M	articles/machine-learning/how-to-auto-train-nlp-models.md
:100644 100644 98ae7c2ca44c 5cbd4633b4ca M	articles/machine-learning/how-to-secure-workspace-vnet.md
:100644 100644 9917bdd53f3e 3c79d6ec4508 M	articles/machine-learning/how-to-deploy-inferencing-gpus.md
:100644 100644 999127491afe 10cd51080b76 M	articles/machine-learning/concept-endpoints.md
:100644 100644 99d66e9b9cab e8602a30f6c4 M	articles/machine-learning/how-to-create-component-pipelines-cli.md
:100644 100644 99ed815e185b b17fe8fa965d M	articles/machine-learning/reference-yaml-deployment-managed-online.md
:100644 100644 99f1f59db26f 6fc2c8da7b65 M	articles/machine-learning/reference-yaml-core-syntax.md
:100644 100644 9b52c80389ed 361728417217 M	articles/machine-learning/how-to-log-pipelines-application-insights.md
:100644 100644 9bf9fe5ad5f2 99f1f59db26f M	articles/machine-learning/reference-yaml-core-syntax.md
:100644 100644 9bfb21a5de03 8b7fb5cc4e13 M	articles/machine-learning/how-to-manage-workspace-cli.md
:100644 100644 9bfb21a5de03 da51e0860be9 M	articles/machine-learning/how-to-manage-workspace-cli.md
:100644 100644 9bfe16680613 fbc6023132d9 M	articles/machine-learning/reference-yaml-data.md
:100644 100644 9c25a4007032 c728c1ea827d M	articles/machine-learning/reference-yaml-overview.md
:100644 100644 9c8750d06b99 c9cbf5c84d5a M	articles/machine-learning/concept-train-model-git-integration.md
:100644 100644 9ce2494f07fb a9d72ac2db98 M	articles/machine-learning/how-to-manage-workspace-cli.md
:100644 100644 9cf63a03e272 782b9d396a05 M	articles/machine-learning/how-to-manage-environments-v2.md
:100644 100644 9cf63a03e272 c4363b0be20b M	articles/machine-learning/how-to-manage-environments-v2.md
:100644 100644 a05ef30b8121 0b95a0b7723a M	articles/machine-learning/reference-yaml-deployment-managed-online.md
:100644 100644 a1e462901037 e40d0cb1c681 M	articles/machine-learning/how-to-troubleshoot-batch-endpoints.md
:100644 100644 a1e462901037 e52062fc08fb M	articles/machine-learning/how-to-troubleshoot-batch-endpoints.md
:100644 100644 a20001653eb7 559d42d07d53 M	articles/machine-learning/azure-machine-learning-release-notes.md
:100644 100644 a2485f5aa1c8 913c072cd00e M	articles/machine-learning/how-to-use-batch-endpoint.md
:100644 100644 a2b5341f6cf2 f8f0be2c188d M	articles/machine-learning/how-to-train-pytorch.md
:100644 100644 a31cff78435b dbec05d71d9d M	articles/machine-learning/azure-machine-learning-release-notes.md
:100644 100644 a3fc52713c60 037a9961a830 M	articles/machine-learning/how-to-use-labeled-dataset.md
:100644 100644 a4527c006817 e44a1f5fa5aa M	articles/machine-learning/how-to-setup-customer-managed-keys.md
:100644 100644 a4f165eb5928 a5e80a5a3306 M	articles/machine-learning/how-to-use-managed-identities.md
:100644 100644 a569674c1bc3 9c2f7c386059 M	articles/machine-learning/reference-yaml-dataset.md
:100644 100644 a569674c1bc3 b2469478959d M	articles/machine-learning/reference-yaml-dataset.md
:100644 100644 a5e80a5a3306 c86b9a0353b4 M	articles/machine-learning/how-to-use-managed-identities.md
:100644 100644 a629d833087e d62380a49475 M	articles/machine-learning/reference-yaml-data.md
:100644 100644 a69edc2f16ac 163a1e1160b3 M	articles/machine-learning/toc.yml
:100644 100644 a705ae0e8947 44c5776b8411 M	articles/machine-learning/how-to-train-distributed-gpu.md
:100644 100644 a7c094555115 6a0aa03752ac M	articles/machine-learning/how-to-inference-server-http.md
:100644 100644 a8ed42bd8c4d 84b7360acfbd M	articles/machine-learning/how-to-debug-parallel-run-step.md
:100644 100644 a8f7e25a1c18 aae6bf1b773f M	articles/machine-learning/how-to-troubleshoot-online-endpoints.md
:100644 100644 a97df8049f73 2c699567b4c0 M	articles/machine-learning/component-reference/execute-python-script.md
:100644 100644 a989667ccf7f 239dbfc4a71a M	articles/machine-learning/how-to-train-cli.md
:100644 100644 a989667ccf7f 3f2d91e8d121 M	articles/machine-learning/how-to-train-cli.md
:100644 100644 a9d72ac2db98 9bfb21a5de03 M	articles/machine-learning/how-to-manage-workspace-cli.md
:100644 100644 a9e33359d0f5 e7578bf290c9 M	articles/machine-learning/how-to-troubleshoot-environments.md
:100644 100644 ab7e86f9c28c 1eccc95b85a8 M	articles/machine-learning/how-to-manage-workspace.md
:100644 100644 ab7e86f9c28c 4544176c5d80 M	articles/machine-learning/how-to-manage-workspace.md
:100644 100644 ab807ad786ff 3dd3038c042c M	articles/machine-learning/reference-yaml-job-pipeline.md
:100644 100644 ab807ad786ff d0403f0f1347 M	articles/machine-learning/reference-yaml-job-pipeline.md
:100644 100644 abbe495781f7 caf55ae1672d M	articles/machine-learning/how-to-label-data.md
:100644 100644 abe589d26494 35562a27f287 M	articles/machine-learning/how-to-setup-customer-managed-keys.md
:100644 100644 ac011db9d30f da1f4c846f68 M	articles/machine-learning/how-to-configure-cli.md
:100644 100644 ac2e980119f8 d4f4e72b6983 M	articles/machine-learning/how-to-setup-customer-managed-keys.md
:100644 100644 ac9497d53255 5615b0095e16 M	articles/machine-learning/tutorial-train-deploy-image-classification-model-vscode.md
:100644 100644 ad26bc824025 44749e793e31 M	articles/machine-learning/reference-yaml-endpoint-online.md
:100644 100644 aeb8775eec03 1969f9e2f036 M	articles/machine-learning/how-to-configure-auto-features.md
:100644 100644 af8384ad3adc ea4658451eaf M	articles/machine-learning/how-to-create-component-pipelines-cli.md
:100644 100644 afac9d043cda 4038d744ea44 M	articles/machine-learning/how-to-create-text-labeling-projects.md
:100644 100644 b0afdc9a6c4f 2fc9f8cea41f M	articles/machine-learning/data-science-virtual-machine/dsvm-ubuntu-intro.md
:100644 100644 b16ee63719ea 43ba607c459c M	articles/machine-learning/data-science-virtual-machine/vm-do-ten-things.md
:100644 100644 b17fe8fa965d a05ef30b8121 M	articles/machine-learning/reference-yaml-deployment-managed-online.md
:100644 100644 b19480a4ab09 425169187694 M	articles/machine-learning/azure-machine-learning-release-notes-cli-v2.md
:100644 100644 b19c81c1467e b572e95d3596 M	articles/machine-learning/azure-machine-learning-release-notes-cli-v2.md
:100644 100644 b1fce4fd8c5a 7bdf254feb74 M	articles/machine-learning/how-to-train-pytorch.md
:100644 100644 b2338803c085 f97827e56775 M	articles/machine-learning/how-to-manage-workspace.md
:100644 100644 b3b89b45101b 57ca61db564c M	articles/machine-learning/reference-yaml-compute-instance.md
:100644 100644 b3f64b9ca448 ac2e980119f8 M	articles/machine-learning/how-to-setup-customer-managed-keys.md
:100644 100644 b4dc49e712cb 02ed7f6abb0f M	articles/machine-learning/how-to-consume-web-service.md
:100644 100644 b4ef150b217f 461e6aaaeaf6 M	articles/machine-learning/how-to-deploy-automl-endpoint.md
:100644 100644 b572e95d3596 7664a28c53e2 M	articles/machine-learning/azure-machine-learning-release-notes-cli-v2.md
:100644 100644 b587b193927f 28332c646d53 M	articles/machine-learning/how-to-train-with-rest.md
:100644 100644 b587b193927f 37a195ee37cf M	articles/machine-learning/how-to-train-with-rest.md
:100644 100644 b5d5b422416e d9f19ee8551a M	articles/machine-learning/how-to-train-cli.md
:100644 100644 b6793d28bdf9 ed9481e2e684 M	articles/machine-learning/concept-data-encryption.md
:100644 100644 b7666fe9893d abbe495781f7 M	articles/machine-learning/how-to-label-data.md
:100644 100644 b8c94407adeb d9d797ab22c1 M	articles/machine-learning/how-to-configure-cli.md
:100644 100644 b8c94407adeb dcdf05413291 M	articles/machine-learning/how-to-configure-cli.md
:100644 100644 b8e3b1e52015 d33f16f42fab M	articles/machine-learning/how-to-tune-hyperparameters.md
:100644 100644 b8fbd9091d62 d25762221e33 M	articles/machine-learning/how-to-train-cli.md
:100644 100644 b9648fa47ecf 3449867cb0ac M	articles/machine-learning/reference-yaml-workspace.md
:100644 100644 baf293b0309c 1881571e4ba0 M	articles/machine-learning/toc.yml
:100644 100644 bb95675b5ced fd5125e33597 M	articles/machine-learning/how-to-auto-train-nlp-models.md
:100644 100644 bb95df8aaca6 99ed815e185b M	articles/machine-learning/reference-yaml-deployment-managed-online.md
:100644 100644 bd605be4491a 38dc7a18dd3f M	articles/machine-learning/how-to-manage-environments-v2.md
:100644 100644 bde9b3ed7d02 4228a66b48b8 M	articles/machine-learning/media/how-to-create-text-labeling-projects/text-labeling-creation-wizard.png
:100644 100644 be148a366876 e47adabffee7 M	articles/machine-learning/how-to-use-batch-endpoint.md
:100644 100644 bed17c5cfb7c 5c285e73c1ee M	articles/machine-learning/how-to-troubleshoot-online-endpoints.md
:100644 100644 bfaf1fd2d55b 06cabda6c726 M	articles/machine-learning/how-to-create-register-datasets.md
:100644 100644 c03e54baf754 122348f553d5 M	articles/machine-learning/how-to-train-distributed-gpu.md
:100644 100644 c0621613e84f a20001653eb7 M	articles/machine-learning/azure-machine-learning-release-notes.md
:100644 100644 c0ed753886d0 23d844668113 M	articles/machine-learning/how-to-trigger-published-pipeline.md
:100644 100644 c250cf86f63f 49fd943338cf M	articles/machine-learning/how-to-use-labeled-dataset.md
:100644 100644 c31b46f04234 3a5251a22307 M	articles/machine-learning/how-to-deploy-custom-container.md
:100644 100644 c33d0f89570f 01ed091bf958 M	articles/machine-learning/toc.yml
:100644 100644 c373b398f3e3 a705ae0e8947 M	articles/machine-learning/how-to-train-distributed-gpu.md
:100644 100644 c4363b0be20b 6300f2130a1a M	articles/machine-learning/how-to-manage-environments-v2.md
:100644 100644 c46ffa3bd307 412619bc3236 M	articles/machine-learning/how-to-manage-environments-v2.md
:100644 100644 c56555b15ade 2e41df4050d3 M	articles/machine-learning/how-to-train-distributed-gpu.md
:100644 100644 c59a55bdad38 e0d170a1765c M	articles/machine-learning/reference-yaml-job-sweep.md
:100644 100644 c5aeda475211 2585e925d72e M	articles/machine-learning/how-to-secure-workspace-vnet.md
:100644 100644 c623e1300849 2bf6675c69f3 M	articles/machine-learning/reference-yaml-component-command.md
:100644 100644 c623e1300849 f3c608c7db0b M	articles/machine-learning/reference-yaml-component-command.md
:100644 100644 c6484e087af6 ad4f6d9448c4 M	articles/machine-learning/how-to-use-synapsesparkstep.md
:100644 100644 c728c1ea827d ddd0a7ee0394 M	articles/machine-learning/reference-yaml-overview.md
:100644 100644 c7ccf424407d 40c380706c15 M	articles/machine-learning/how-to-safely-rollout-managed-endpoints.md
:100644 100644 c91c5b8e5b49 721037f43697 M	articles/machine-learning/concept-customer-managed-keys.md
:100644 100644 c959b51b6a7d 3067a71153d6 M	articles/machine-learning/how-to-create-manage-compute-instance.md
:100644 100644 ca4a45aa03f9 34b95b15a0f0 M	articles/machine-learning/how-to-auto-train-forecast.md
:100644 100644 caee78fcc7aa 3cfebe0017c9 M	articles/machine-learning/how-to-train-with-rest.md
:100644 100644 caf55ae1672d 869fc6a7815f M	articles/machine-learning/how-to-label-data.md
:100644 100644 cbd5cc269e29 916356e04ccd M	articles/machine-learning/how-to-configure-cli.md
:100644 100644 cc3c5e210518 7fcd81fb404f M	articles/machine-learning/toc.yml
:100644 100644 cc43a9d53239 0ff45643cb54 M	articles/machine-learning/how-to-train-with-rest.md
:100644 100644 cc57582bdeca 3ef475e98e6d M	articles/machine-learning/how-to-secure-training-vnet.md
:100644 100644 cca8c6c62d24 e281999e3cc7 M	articles/machine-learning/how-to-deploy-mlflow-models-online-endpoints.md
:100644 100644 cd78653b79f6 dbad2ac39de7 M	articles/machine-learning/how-to-deploy-azure-container-instance.md
:100644 100644 cdd2d231bd14 203a35e96ffa M	articles/machine-learning/how-to-differential-privacy.md
:100644 100644 ce777b70766d 558aaad12028 M	articles/machine-learning/how-to-create-component-pipelines-cli.md
:100644 100644 cf2719111026 8a64a1f3996a M	articles/machine-learning/reference-yaml-environment.md
:100644 100644 d02f0e2113f0 d4a808196945 M	articles/machine-learning/how-to-manage-environments-v2.md
:100644 100644 d03e4092b5bb 8e2a3a983fa8 M	articles/machine-learning/how-to-configure-auto-train.md
:100644 100644 d0403f0f1347 2089511de58c M	articles/machine-learning/reference-yaml-job-pipeline.md
:100644 100644 d08995947f71 1eccc95b85a8 M	articles/machine-learning/how-to-manage-workspace.md
:100644 100644 d0f6db600716 966ce76b1b05 M	articles/machine-learning/how-to-secure-inferencing-vnet.md
:100644 100644 d1656c874232 69fa74b17862 M	articles/machine-learning/tutorial-create-secure-workspace.md
:100644 100644 d23f00648830 24f29d1188e2 M	articles/machine-learning/how-to-deploy-azure-kubernetes-service.md
:100644 100644 d25762221e33 ecd015ef4b1d M	articles/machine-learning/how-to-train-cli.md
:100644 100644 d2c35690c914 d114e863bbd1 M	articles/machine-learning/how-to-designer-python.md
:100644 100644 d33878ba3d36 61f0f12cd715 M	articles/machine-learning/reference-yaml-core-syntax.md
:100644 100644 d33f16f42fab 2c1e52b34bf9 M	articles/machine-learning/how-to-tune-hyperparameters.md
:100644 100644 d40835cde31c c91c5b8e5b49 M	articles/machine-learning/concept-customer-managed-keys.md
:100644 100644 d4a808196945 bd605be4491a M	articles/machine-learning/how-to-manage-environments-v2.md
:100644 100644 d4ad136e4b5c 79712867185b M	articles/machine-learning/reference-yaml-model.md
:100644 100644 d4f4e72b6983 abe589d26494 M	articles/machine-learning/how-to-setup-customer-managed-keys.md
:100644 100644 d5617a8db13b bb95df8aaca6 M	articles/machine-learning/reference-yaml-deployment-managed-online.md
:100644 100644 d5617a8db13b d708e4d1611f M	articles/machine-learning/reference-yaml-deployment-managed-online.md
:100644 100644 d577c3ef573a 85d1af8c5a31 M	articles/machine-learning/how-to-train-distributed-gpu.md
:100644 100644 d5c2ab5e3b49 47d755fb2dc4 M	articles/machine-learning/how-to-setup-customer-managed-keys.md
:100644 100644 d62380a49475 880a7bcdd518 M	articles/machine-learning/reference-yaml-data.md
:100644 100644 d82c3e5bdbb3 6bfb46e2eb6c M	articles/machine-learning/reference-yaml-job-command.md
:100644 100644 d952d69681b5 ca4a45aa03f9 M	articles/machine-learning/how-to-auto-train-forecast.md
:100644 100644 d9f19ee8551a 0b65f1d47b82 M	articles/machine-learning/how-to-train-cli.md
:100644 100644 da9d81e36ec3 0fb170b5ee4b M	articles/machine-learning/how-to-deploy-mlflow-models-online-endpoints.md
:100644 100644 da9d81e36ec3 41e17f4fcb78 M	articles/machine-learning/how-to-deploy-mlflow-models-online-endpoints.md
:100644 100644 da9d81e36ec3 8cfb168d07b2 M	articles/machine-learning/how-to-deploy-mlflow-models-online-endpoints.md
:100644 100644 daf874999235 4a9ec21486e8 M	articles/machine-learning/how-to-configure-cli.md
:100644 100644 db0311823c91 0e31b876b754 M	articles/machine-learning/policy-reference.md
:100644 100644 dbad2ac39de7 f72ad1700527 M	articles/machine-learning/how-to-deploy-azure-container-instance.md
:100644 100644 dbdd69b5765a 33f0a2d87b5a M	articles/machine-learning/how-to-use-batch-endpoints-studio.md
:100644 100644 dbdf80a9ef4b c250cf86f63f M	articles/machine-learning/how-to-use-labeled-dataset.md
:100644 100644 dbec05d71d9d 37caab83aec7 M	articles/machine-learning/azure-machine-learning-release-notes.md
:100644 100644 dc1e545d3087 16810c382440 M	articles/machine-learning/how-to-deploy-automl-endpoint.md
:100644 100644 dc7128346012 2da686bbcf35 M	articles/machine-learning/how-to-deploy-with-triton.md
:100644 100644 dc9b3777c6f4 4bc538cf0f86 M	articles/machine-learning/how-to-enable-studio-virtual-network.md
:100644 100644 dca1f15cc92a b8c94407adeb M	articles/machine-learning/how-to-configure-cli.md
:100644 100644 dcdf05413291 ac011db9d30f M	articles/machine-learning/how-to-configure-cli.md
:100644 100644 ddd0a7ee0394 2051dc9fe8b1 M	articles/machine-learning/reference-yaml-overview.md
:100644 100644 ddeba0ab75bb 934eb27e002f M	articles/machine-learning/how-to-deploy-with-triton.md
:100644 100644 dff453901a86 ae796ffd75d5 M	articles/machine-learning/reference-yaml-component-command.md
:100644 100644 e0c07ad2a85c e1056ce413a5 M	articles/machine-learning/reference-yaml-job-command.md
:100644 100644 e1056ce413a5 093fb019c743 M	articles/machine-learning/reference-yaml-job-command.md
:100644 100644 e23a739e299e 8935e5685850 M	articles/machine-learning/how-to-create-attach-kubernetes.md
:100644 100644 e28b2d1a12e1 034cb700d74b M	articles/machine-learning/reference-azure-machine-learning-cli.md
:100644 100644 e28b2d1a12e1 4588c31bbe26 M	articles/machine-learning/reference-azure-machine-learning-cli.md
:100644 100644 e342de9ca566 2105067b4ed1 M	articles/machine-learning/reference-yaml-deployment-kubernetes-online.md
:100644 100644 e44a1f5fa5aa b3f64b9ca448 M	articles/machine-learning/how-to-setup-customer-managed-keys.md
:100644 100644 e52062fc08fb 1e1a2d6f66d5 M	articles/machine-learning/how-to-troubleshoot-batch-endpoints.md
:100644 100644 e547dc306aa7 e28b2d1a12e1 M	articles/machine-learning/reference-azure-machine-learning-cli.md
:100644 100644 e59795a9dcd7 82642d95b862 M	articles/machine-learning/how-to-create-image-labeling-projects.md
:100644 100644 e6a6975f181b 6363a8044e19 M	articles/machine-learning/how-to-manage-workspace-terraform.md
:100644 100644 e72f97546dbf 8d442c959e58 M	articles/machine-learning/reference-yaml-compute-kubernetes.md
:100644 100644 e74b344de907 22b6b9197d99 M	articles/machine-learning/how-to-create-attach-kubernetes.md
:100644 100644 e74b344de907 dc3507d4920b M	articles/machine-learning/how-to-create-attach-kubernetes.md
:100644 100644 e7578bf290c9 a9e33359d0f5 M	articles/machine-learning/how-to-troubleshoot-environments.md
:100644 100644 e81f1a31f46f 7d094f9690cb M	articles/machine-learning/reference-yaml-deployment-batch.md
:100644 100644 e81f1a31f46f 96ce1b3f7d72 M	articles/machine-learning/reference-yaml-deployment-batch.md
:100644 100644 e8602a30f6c4 b9e90f159004 M	articles/machine-learning/how-to-create-component-pipelines-cli.md
:100644 100644 e9cd89716344 a31cff78435b M	articles/machine-learning/azure-machine-learning-release-notes.md
:100644 100644 ea4658451eaf ce777b70766d M	articles/machine-learning/how-to-create-component-pipelines-cli.md
:100644 100644 eb5a12afe4ba 9f7544d73729 M	articles/machine-learning/how-to-identity-based-data-access.md
:100644 100644 ebf52322c58d b2338803c085 M	articles/machine-learning/how-to-manage-workspace.md
:100644 100644 ec2c6a3b5b78 32df80448c0d M	articles/machine-learning/reference-yaml-job-command.md
:100644 100644 ec3eda99a248 347eb8c9d641 M	articles/machine-learning/reference-yaml-datastore-files.md
:100644 100644 ec89da6f6d31 2e199ec5621c M	articles/machine-learning/how-to-train-with-datasets.md
:100644 100644 ecd015ef4b1d b85734e8da08 M	articles/machine-learning/how-to-train-cli.md
:100644 100644 eced27080180 d4b5944e7d0e M	articles/machine-learning/how-to-troubleshoot-prebuilt-docker-image-inference.md
:100644 100644 ed44097d48ae 41ba08e1c258 M	articles/machine-learning/how-to-manage-workspace.md
:100644 100644 ed4cccad9889 bd9346905828 M	articles/machine-learning/how-to-use-environments.md
:100644 100644 edd096ab2b2b 591f92aeac18 M	articles/machine-learning/reference-yaml-endpoint-batch.md
:100644 100644 f1601308b260 d46724c6c200 M	articles/machine-learning/how-to-change-storage-access-key.md
:100644 100644 f19c160c5f4b ce0a4570068d M	articles/machine-learning/tutorial-first-experiment-automated-ml.md
:100644 100644 f2025592d811 aa1d6eaa7639 M	articles/machine-learning/reference-yaml-datastore-blob.md
:100644 100644 f386af200b40 205f3c8eed1b M	articles/machine-learning/how-to-access-resources-from-endpoints-managed-identities.md
:100644 100644 f386af200b40 93781152b6ba M	articles/machine-learning/how-to-access-resources-from-endpoints-managed-identities.md
:100644 100644 f386af200b40 aaed107daae1 M	articles/machine-learning/how-to-access-resources-from-endpoints-managed-identities.md
:100644 100644 f3c5171fcb3c 304360bb6279 M	articles/machine-learning/toc.yml
:100644 100644 f3c5171fcb3c a69edc2f16ac M	articles/machine-learning/toc.yml
:100644 100644 f3c5171fcb3c baf293b0309c M	articles/machine-learning/toc.yml
:100644 100644 f676e2da31b5 58ac6e717c72 M	articles/machine-learning/how-to-create-text-labeling-projects.md
:100644 100644 f8f0be2c188d 7bdf254feb74 M	articles/machine-learning/how-to-train-pytorch.md
:100644 100644 f97827e56775 fbb9199e4789 M	articles/machine-learning/how-to-manage-workspace.md
:100644 100644 fa3feb080759 ce5e6b701442 M	articles/machine-learning/reference-yaml-deployment-kubernetes-online.md
:100644 100644 fb38b5750d64 5db7e33c4243 M	articles/machine-learning/how-to-deploy-local.md
:100644 100644 fbb9199e4789 d3b0bbda2ca0 M	articles/machine-learning/how-to-manage-workspace.md
:100644 100644 fbc6023132d9 2aeea277863d M	articles/machine-learning/reference-yaml-data.md
:100644 100644 fbf65d371e96 78bd3d776763 M	articles/machine-learning/how-to-create-workspace-template.md
:100644 100644 fcfc1d903533 c07279664541 M	articles/machine-learning/reference-yaml-job-pipeline.md
:100644 100644 fd5125e33597 257fdbadd5d7 M	articles/machine-learning/how-to-auto-train-nlp-models.md
:100644 100644 fd63a94b0e05 d577c3ef573a M	articles/machine-learning/how-to-train-distributed-gpu.md
:100644 100644 feff4b9df396 84ce2f351a22 M	articles/machine-learning/how-to-deploy-automl-endpoint.md
:100644 100644 feff4b9df396 dc1e545d3087 M	articles/machine-learning/how-to-deploy-automl-endpoint.md
:100644 100644 feff4b9df396 f4c8cc91df5e M	articles/machine-learning/how-to-deploy-automl-endpoint.md
:100644 100644 ff074d57777c 771ccb0f2296 M	articles/machine-learning/how-to-create-image-labeling-projects.md
:100644 100644 ff30aca8b004 5703db108e8d M	articles/machine-learning/resource-curated-environments.md
